symbol,feature,horizon_ms,n,pearson,pearson_p,spearman,spearman_p,hit_rate,hit_rate_p,ols_beta,ols_p,ols_r2,ols_beta_ctrl,ols_p_ctrl,ols_r2_ctrl,net_cost_threshold,net_mean_bps,net_pct_positive,net_n,net_p
BTC,tob_imbalance,100,873,0.36306433582563885,1.3617509011686383e-28,0.46977300902244856,3.970069704431025e-49,0.802158273381295,3.685261455214846e-25,0.00004847507725505968,2.455801019744421e-25,0.13181571194851227,0.00004853914535573767,7.822891496994528e-25,0.13330174254355076,0.9575123063025031,-8.501658301817585,0.0,179,2.0786949261975924e-160
BTC,imbalance_d5,100,873,0.36669399464781843,3.563918835702695e-29,0.46555763557686025,3.607025009272665e-48,0.802158273381295,3.685261455214846e-25,0.0000536301645647507,2.6163006384035236e-24,0.1344644857107743,0.00005365862169072658,2.832339729704055e-24,0.13595079195396043,0.8987570915835196,-8.58574940631237,0.0,222,1.1722387675697225e-203
BTC,imbalance_d10,100,873,0.3620588672040349,1.9681048278078771e-28,0.44640854423118403,5.569201362922504e-44,0.7482014388489209,4.581529506433747e-17,0.00006409001655340734,4.710965749834729e-22,0.13108662332106868,0.00006414641894481817,5.30554103335329e-22,0.13222685482684193,0.8268398367171379,-8.704928314616232,0.0,255,8.988263769455754e-245
BTC,imbalance_d20,100,873,0.3458164379127703,6.307950569980124e-26,0.41473446215148546,1.29663435125399e-37,0.5863309352517986,0.004730989962632682,0.00010072726203624909,9.402197167129523e-17,0.1195890087306769,0.00010163535439833347,6.84121705484042e-17,0.12084983312115283,0.7124167291014495,-8.812425311132493,0.0,328,0.0
BTC,ofi,100,873,0.2742835209704324,1.567063765931463e-16,0.34480725008750657,8.928983101771804e-26,0.737410071942446,1.1209209853600889e-15,1.4776375460387135e-6,3.9035850890411316e-14,0.07523144987593744,1.4779358387922302e-6,1.2926334731756486e-13,0.07691706280482113,23.155275,-8.636263852770561,0.0,121,7.529869456104972e-120
BTC,tob_imbalance,500,873,0.36306433582563885,1.3617509011686383e-28,0.46977300902244856,3.970069704431025e-49,0.802158273381295,3.685261455214846e-25,0.00004847507725505968,2.455801019744421e-25,0.13181571194851227,0.00004853914535573767,7.822891496994528e-25,0.13330174254355076,0.9575123063025031,-8.501658301817585,0.0,179,2.0786949261975924e-160
BTC,imbalance_d5,500,873,0.36669399464781843,3.563918835702695e-29,0.46555763557686025,3.607025009272665e-48,0.802158273381295,3.685261455214846e-25,0.0000536301645647507,2.6163006384035236e-24,0.1344644857107743,0.00005365862169072658,2.832339729704055e-24,0.13595079195396043,0.8987570915835196,-8.58574940631237,0.0,222,1.1722387675697225e-203
BTC,imbalance_d10,500,873,0.3620588672040349,1.9681048278078771e-28,0.44640854423118403,5.569201362922504e-44,0.7482014388489209,4.581529506433747e-17,0.00006409001655340734,4.710965749834729e-22,0.13108662332106868,0.00006414641894481817,5.30554103335329e-22,0.13222685482684193,0.8268398367171379,-8.704928314616232,0.0,255,8.988263769455754e-245
BTC,imbalance_d20,500,873,0.3458164379127703,6.307950569980124e-26,0.41473446215148546,1.29663435125399e-37,0.5863309352517986,0.004730989962632682,0.00010072726203624909,9.402197167129523e-17,0.1195890087306769,0.00010163535439833347,6.84121705484042e-17,0.12084983312115283,0.7124167291014495,-8.812425311132493,0.0,328,0.0
BTC,ofi,500,873,0.2742835209704324,1.567063765931463e-16,0.34480725008750657,8.928983101771804e-26,0.737410071942446,1.1209209853600889e-15,1.4776375460387135e-6,3.9035850890411316e-14,0.07523144987593744,1.4779358387922302e-6,1.2926334731756486e-13,0.07691706280482113,23.155275,-8.636263852770561,0.0,121,7.529869456104972e-120
BTC,tob_imbalance,1000,873,0.36306433582563885,1.3617509011686383e-28,0.46977300902244856,3.970069704431025e-49,0.802158273381295,3.685261455214846e-25,0.00004847507725505968,2.455801019744421e-25,0.13181571194851227,0.00004853914535573767,7.822891496994528e-25,0.13330174254355076,0.9575123063025031,-8.501658301817585,0.0,179,2.0786949261975924e-160
BTC,imbalance_d5,1000,873,0.36669399464781843,3.563918835702695e-29,0.46555763557686025,3.607025009272665e-48,0.802158273381295,3.685261455214846e-25,0.0000536301645647507,2.6163006384035236e-24,0.1344644857107743,0.00005365862169072658,2.832339729704055e-24,0.13595079195396043,0.8987570915835196,-8.58574940631237,0.0,222,1.1722387675697225e-203
BTC,imbalance_d10,1000,873,0.3620588672040349,1.9681048278078771e-28,0.44640854423118403,5.569201362922504e-44,0.7482014388489209,4.581529506433747e-17,0.00006409001655340734,4.710965749834729e-22,0.13108662332106868,0.00006414641894481817,5.30554103335329e-22,0.13222685482684193,0.8268398367171379,-8.704928314616232,0.0,255,8.988263769455754e-245
BTC,imbalance_d20,1000,873,0.3458164379127703,6.307950569980124e-26,0.41473446215148546,1.29663435125399e-37,0.5863309352517986,0.004730989962632682,0.00010072726203624909,9.402197167129523e-17,0.1195890087306769,0.00010163535439833347,6.84121705484042e-17,0.12084983312115283,0.7124167291014495,-8.812425311132493,0.0,328,0.0
BTC,ofi,1000,873,0.2742835209704324,1.567063765931463e-16,0.34480725008750657,8.928983101771804e-26,0.737410071942446,1.1209209853600889e-15,1.4776375460387135e-6,3.9035850890411316e-14,0.07523144987593744,1.4779358387922302e-6,1.2926334731756486e-13,0.07691706280482113,23.155275,-8.636263852770561,0.0,121,7.529869456104972e-120
BTC,tob_imbalance,5000,873,0.36306433582563885,1.3617509011686383e-28,0.46977300902244856,3.970069704431025e-49,0.802158273381295,3.685261455214846e-25,0.00004847507725505968,2.455801019744421e-25,0.13181571194851227,0.00004853914535573767,7.822891496994528e-25,0.13330174254355076,0.9575123063025031,-8.501658301817585,0.0,179,2.0786949261975924e-160
BTC,imbalance_d5,5000,873,0.36669399464781843,3.563918835702695e-29,0.46555763557686025,3.607025009272665e-48,0.802158273381295,3.685261455214846e-25,0.0000536301645647507,2.6163006384035236e-24,0.1344644857107743,0.00005365862169072658,2.832339729704055e-24,0.13595079195396043,0.8987570915835196,-8.58574940631237,0.0,222,1.1722387675697225e-203
BTC,imbalance_d10,5000,873,0.3620588672040349,1.9681048278078771e-28,0.44640854423118403,5.569201362922504e-44,0.7482014388489209,4.581529506433747e-17,0.00006409001655340734,4.710965749834729e-22,0.13108662332106868,0.00006414641894481817,5.30554103335329e-22,0.13222685482684193,0.8268398367171379,-8.704928314616232,0.0,255,8.988263769455754e-245
BTC,imbalance_d20,5000,873,0.3458164379127703,6.307950569980124e-26,0.41473446215148546,1.29663435125399e-37,0.5863309352517986,0.004730989962632682,0.00010072726203624909,9.402197167129523e-17,0.1195890087306769,0.00010163535439833347,6.84121705484042e-17,0.12084983312115283,0.7124167291014495,-8.812425311132493,0.0,328,0.0
BTC,ofi,5000,873,0.2742835209704324,1.567063765931463e-16,0.34480725008750657,8.928983101771804e-26,0.737410071942446,1.1209209853600889e-15,1.4776375460387135e-6,3.9035850890411316e-14,0.07523144987593744,1.4779358387922302e-6,1.2926334731756486e-13,0.07691706280482113,23.155275,-8.636263852770561,0.0,121,7.529869456104972e-120
BTC,tob_imbalance,10000,872,0.3358203195625703,1.9803596986641793e-24,0.40941468278073584,1.4364096574449817e-36,0.7289719626168224,7.96340263228165e-22,0.00006649609063097094,6.252402591285195e-20,0.11277528703110662,0.00006651003420186031,2.7500679332183616e-19,0.11377638698875558,0.9575123063025031,-8.388462076408734,0.0,178,1.4353412842315925e-144
BTC,imbalance_d5,10000,872,0.3421348734496718,2.3716233166561606e-25,0.41135597099793897,6.212622772162409e-37,0.7266355140186916,2.138227014674013e-21,0.00007419566866345767,8.425407645193388e-20,0.11705627163042276,0.00007424381069336159,1.0932304122496532e-19,0.11833081152845071,0.8987570915835196,-8.40248679133067,0.0,221,1.7413774500365586e-176
BTC,imbalance_d10,10000,872,0.3338151391119821,3.8458255301295494e-24,0.3977138827220784,2.000164323559941e-34,0.677570093457944,1.6225039380721404e-13,0.00008760061389954086,1.2175500972191738e-18,0.11143254710035178,0.00008769225187051781,2.6314275766108517e-18,0.11245155615821711,0.8268398367171379,-8.524856458036846,0.0,254,3.9625406977499435e-215
BTC,imbalance_d20,10000,872,0.30657498791607984,1.9681820315907294e-20,0.36860767174804404,1.8790017840397265e-29,0.5514018691588785,0.03754102795135854,0.00013236095276653785,1.0306884635918394e-14,0.0939882232157443,0.00013358941573992866,2.8548001139106024e-14,0.09521799837297318,0.7124167291014495,-8.656471233986192,0.0,327,4.0380490386132944e-281
BTC,ofi,10000,872,0.2179635996249087,7.742094228790846e-11,0.27597281382166117,1.0464844749746893e-16,0.6635514018691588,1.2110459135283097e-11,1.740357233034296e-6,4.589407441189261e-12,0.04750813076144733,1.7332360483346006e-6,6.164813618230852e-11,0.04880310740515903,23.155275,-8.522070535187408,0.0,121,1.5323026332752102e-105
ETH,tob_imbalance,100,873,0.3162414724836168,9.958900073074936e-22,0.42962882331273994,1.5955467415303802e-40,0.7925170068027211,7.611604940080549e-25,0.000055963346494070516,1.5488862044034266e-19,0.10000866891860616,0.00005626046494555284,1.7985255345433077e-18,0.1005569355800523,0.8939554722082199,-8.890418141202636,0.0,179,1.4019889537161007e-154
ETH,imbalance_d5,100,873,0.27072490860153975,3.952242695536152e-16,0.3729518179571809,3.3927854741333585e-30,0.7244897959183674,7.590704868578979e-15,0.00005600496767523637,2.377254010453251e-13,0.07329197613731209,0.000057784575162864006,7.615791387668628e-14,0.07639505653799195,0.7272836395188385,-8.936974470598198,0.0,202,4.916411535595292e-179
ETH,imbalance_d10,100,873,0.24687190802112147,1.3764970221278314e-13,0.33287427116684937,4.940383187951447e-24,0.7278911564625851,2.84454727346667e-15,0.00007070433533353632,2.0177011347033362e-11,0.060945738969989116,0.00007410742312956108,3.6465443308977885e-12,0.06473318808910244,0.46570866500986596,-9.081730913094196,0.0,256,1.8093483699628738e-230
ETH,imbalance_d20,100,873,0.24763012597044892,1.1533405197655028e-13,0.3259412603713653,4.6964703424163356e-23,0.7312925170068028,1.0481044454102615e-15,0.00015116494336139602,8.712244971569877e-11,0.06132067928814022,0.00016163763245817729,3.31501086396958e-12,0.06667512868810477,0.19375367750077432,-9.04531063298053,0.0,257,1.2142356950054473e-232
ETH,ofi,100,873,0.28150597125285315,2.297960843974234e-17,0.328380953489387,2.1403431851803268e-23,0.7142857142857143,1.305072405899614e-13,8.420096479671549e-8,1.4067742287554183e-13,0.07924561185101198,8.444209035762262e-8,5.195508203954434e-13,0.07943604306731056,439.0927,-8.965606026317042,0.0,185,8.883471149961503e-163
ETH,tob_imbalance,500,873,0.3162414724836168,9.958900073074936e-22,0.42962882331273994,1.5955467415303802e-40,0.7925170068027211,7.611604940080549e-25,0.000055963346494070516,1.5488862044034266e-19,0.10000866891860616,0.00005626046494555284,1.7985255345433077e-18,0.1005569355800523,0.8939554722082199,-8.890418141202636,0.0,179,1.4019889537161007e-154
ETH,imbalance_d5,500,873,0.27072490860153975,3.952242695536152e-16,0.3729518179571809,3.3927854741333585e-30,0.7244897959183674,7.590704868578979e-15,0.00005600496767523637,2.377254010453251e-13,0.07329197613731209,0.000057784575162864006,7.615791387668628e-14,0.07639505653799195,0.7272836395188385,-8.936974470598198,0.0,202,4.916411535595292e-179
ETH,imbalance_d10,500,873,0.24687190802112147,1.3764970221278314e-13,0.33287427116684937,4.940383187951447e-24,0.7278911564625851,2.84454727346667e-15,0.00007070433533353632,2.0177011347033362e-11,0.060945738969989116,0.00007410742312956108,3.6465443308977885e-12,0.06473318808910244,0.46570866500986596,-9.081730913094196,0.0,256,1.8093483699628738e-230
ETH,imbalance_d20,500,873,0.24763012597044892,1.1533405197655028e-13,0.3259412603713653,4.6964703424163356e-23,0.7312925170068028,1.0481044454102615e-15,0.00015116494336139602,8.712244971569877e-11,0.06132067928814022,0.00016163763245817729,3.31501086396958e-12,0.06667512868810477,0.19375367750077432,-9.04531063298053,0.0,257,1.2142356950054473e-232
ETH,ofi,500,873,0.28150597125285315,2.297960843974234e-17,0.328380953489387,2.1403431851803268e-23,0.7142857142857143,1.305072405899614e-13,8.420096479671549e-8,1.4067742287554183e-13,0.07924561185101198,8.444209035762262e-8,5.195508203954434e-13,0.07943604306731056,439.0927,-8.965606026317042,0.0,185,8.883471149961503e-163
ETH,tob_imbalance,1000,873,0.3162414724836168,9.958900073074936e-22,0.42962882331273994,1.5955467415303802e-40,0.7925170068027211,7.611604940080549e-25,0.000055963346494070516,1.5488862044034266e-19,0.10000866891860616,0.00005626046494555284,1.7985255345433077e-18,0.1005569355800523,0.8939554722082199,-8.890418141202636,0.0,179,1.4019889537161007e-154
ETH,imbalance_d5,1000,873,0.27072490860153975,3.952242695536152e-16,0.3729518179571809,3.3927854741333585e-30,0.7244897959183674,7.590704868578979e-15,0.00005600496767523637,2.377254010453251e-13,0.07329197613731209,0.000057784575162864006,7.615791387668628e-14,0.07639505653799195,0.7272836395188385,-8.936974470598198,0.0,202,4.916411535595292e-179
ETH,imbalance_d10,1000,873,0.24687190802112147,1.3764970221278314e-13,0.33287427116684937,4.940383187951447e-24,0.7278911564625851,2.84454727346667e-15,0.00007070433533353632,2.0177011347033362e-11,0.060945738969989116,0.00007410742312956108,3.6465443308977885e-12,0.06473318808910244,0.46570866500986596,-9.081730913094196,0.0,256,1.8093483699628738e-230
ETH,imbalance_d20,1000,873,0.24763012597044892,1.1533405197655028e-13,0.3259412603713653,4.6964703424163356e-23,0.7312925170068028,1.0481044454102615e-15,0.00015116494336139602,8.712244971569877e-11,0.06132067928814022,0.00016163763245817729,3.31501086396958e-12,0.06667512868810477,0.19375367750077432,-9.04531063298053,0.0,257,1.2142356950054473e-232
ETH,ofi,1000,873,0.28150597125285315,2.297960843974234e-17,0.328380953489387,2.1403431851803268e-23,0.7142857142857143,1.305072405899614e-13,8.420096479671549e-8,1.4067742287554183e-13,0.07924561185101198,8.444209035762262e-8,5.195508203954434e-13,0.07943604306731056,439.0927,-8.965606026317042,0.0,185,8.883471149961503e-163
ETH,tob_imbalance,5000,873,0.3167123628641153,8.608601342423752e-22,0.42969633092935605,1.54662875227596e-40,0.7925170068027211,7.611604940080549e-25,0.00005606711241197465,1.42978735304818e-19,0.10030672079097092,0.00005635628912721119,1.674251423318631e-18,0.1008348503486457,0.8939554722082199,-8.890418141202636,0.0,179,1.4019889537161007e-154
ETH,imbalance_d5,5000,873,0.2709943236178455,3.6866759764002796e-16,0.3729625334518819,3.378999607152439e-30,0.7244897959183674,7.590704868578979e-15,0.000056081142065164354,2.2598754530249338e-13,0.07343792343309397,0.00005784220584122187,7.315454148049302e-14,0.0765013870610689,0.7272836395188385,-8.936974470598198,0.0,202,4.916411535595292e-179
ETH,imbalance_d10,5000,873,0.24691715044279136,1.3620681795092973e-13,0.3328554118961757,4.971131725294987e-24,0.7278911564625851,2.84454727346667e-15,0.0000707430771716304,1.9810259323025385e-11,0.06096807918278835,0.00007411338194290673,3.6424456405529774e-12,0.06470742506018301,0.46570866500986596,-9.081730913094196,0.0,256,1.8093483699628738e-230
ETH,imbalance_d20,5000,873,0.24763877724225392,1.151011253528908e-13,0.3259106569184993,4.742780279897579e-23,0.7312925170068028,1.0481044454102615e-15,0.00015122534296608598,8.605879447033319e-11,0.06132496399403875,0.00016162363340009958,3.3366796002991385e-12,0.06662625330054273,0.19375367750077432,-9.04531063298053,0.0,257,1.2142356950054473e-232
ETH,ofi,5000,873,0.28186437125125574,2.08605179325324e-17,0.3284908516030402,2.065554610444935e-23,0.7142857142857143,1.305072405899614e-13,8.433890521802818e-8,1.3429489262888247e-13,0.07944752378086595,8.457570585437028e-8,4.98198733603335e-13,0.0796383499467137,439.0927,-8.965606026317042,0.0,185,8.883471149961503e-163
ETH,tob_imbalance,10000,872,0.27048430192774864,4.370528562605276e-16,0.36826450825058554,2.1359920016676854e-29,0.7086092715231788,3.0556485030125987e-19,0.00007244081305087461,3.429333032008588e-14,0.07316175758934151,0.0000728197573281806,2.441078128554381e-13,0.07339894297893024,0.8939554722082199,-8.764627982435186,0.0,179,6.898426033686483e-133
ETH,imbalance_d5,10000,872,0.2275437014691845,1.0532645506233388e-11,0.31610556311062604,1.0953641575904828e-21,0.6600441501103753,8.879952585734333e-12,0.00007125789418290636,6.03228923332682e-9,0.051776136078297674,0.00007307715810784422,2.3232036332620718e-9,0.05319872316863716,0.7272836395188385,-8.725701800731386,0.0,202,2.972228225369987e-150
ETH,imbalance_d10,10000,872,0.20529312418280588,9.42681836234482e-10,0.2807672540419684,2.9229902373399715e-17,0.6490066225165563,2.2665677282108248e-10,0.00008899218555946572,2.3786126562178873e-7,0.042145266836736694,0.00009252743127184337,6.686381190652131e-8,0.043940388766463556,0.46570866500986596,-8.995777084804182,0.0,256,2.89703573261553e-192
ETH,imbalance_d20,10000,872,0.20621919462601165,7.894550229140249e-10,0.2797977311617802,3.7906640954793067e-17,0.6622516556291391,4.5134048719298e-12,0.0001905625642776844,4.506187571382447e-7,0.042526356232201024,0.00020206488956508214,4.552815414980983e-8,0.0453669257984628,0.19375367750077432,-8.872072335197949,0.0,257,2.5991148403250743e-189
ETH,ofi,10000,872,0.22583108111045144,1.51467339406522e-11,0.2772548581484451,7.459023368106961e-17,0.6578366445916115,1.730316398204111e-11,1.0222881371306912e-7,7.090288848026018e-11,0.05099967719551546,1.0274885219112876e-7,2.686554066615969e-10,0.051260378604191636,439.0927,-8.898322514992568,0.0,185,9.859674713869746e-134
SOL,tob_imbalance,100,873,0.3285053864203587,2.0558587240142218e-23,0.3832487257093665,6.316596649676344e-32,0.7252124645892352,1.1379732118119032e-17,0.00005404889582081488,1.6197081146521933e-22,0.10791578890718911,0.00005353832813613276,1.6637870931318435e-21,0.11290589344538182,0.9780988861720818,-8.463326023021049,0.0,153,1.6415505312659897e-134
SOL,imbalance_d5,100,873,0.35068307574845503,1.1597038239748799e-26,0.38627184692307015,1.9083983721534263e-32,0.7195467422096318,7.788939694056979e-17,0.00007170696125598754,9.207039934094683e-24,0.12297861961639656,0.00007079479981778856,3.971916754584494e-23,0.12692467576368327,0.8364310384759855,-8.355525958155466,0.0,143,6.702287766112886e-120
SOL,imbalance_d10,100,873,0.3556242915896966,2.014799945451574e-27,0.3810440741236422,1.5001803280396133e-31,0.6770538243626062,2.5700310593898513e-11,0.00008921023940463748,1.4949572704737195e-22,0.12646863676867348,0.0000877486617296173,6.373724478702697e-22,0.1290232723116309,0.71649986088244,-8.44282301415178,0.0,170,1.1386006014822098e-144
SOL,imbalance_d20,100,873,0.34464148613078066,9.452300483904396e-26,0.35422745256952604,3.314954434771026e-27,0.623229461756374,4.238024014038145e-6,0.000128152310799541,4.450216535774542e-20,0.11877775396243284,0.00012735068633479236,1.4731487621239908e-19,0.12119022593927797,0.5364790495270273,-8.728352551291474,0.0,289,1.1672080623383606e-252
SOL,ofi,100,873,0.26475789328607635,1.8081714075792396e-15,0.25654736079500845,1.3773788377095997e-14,0.6487252124645893,2.4701239392217194e-8,1.964312191625873e-8,1.9138083627576684e-17,0.07009674205728167,1.910959218173076e-8,8.788398169665982e-16,0.07211166481983189,1799.3300000000002,-8.710305418514853,0.0,180,5.5951958333579057e-160
SOL,tob_imbalance,500,873,0.3285053864203587,2.0558587240142218e-23,0.3832487257093665,6.316596649676344e-32,0.7252124645892352,1.1379732118119032e-17,0.00005404889582081488,1.6197081146521933e-22,0.10791578890718911,0.00005353832813613276,1.6637870931318435e-21,0.11290589344538182,0.9780988861720818,-8.463326023021049,0.0,153,1.6415505312659897e-134
SOL,imbalance_d5,500,873,0.35068307574845503,1.1597038239748799e-26,0.38627184692307015,1.9083983721534263e-32,0.7195467422096318,7.788939694056979e-17,0.00007170696125598754,9.207039934094683e-24,0.12297861961639656,0.00007079479981778856,3.971916754584494e-23,0.12692467576368327,0.8364310384759855,-8.355525958155466,0.0,143,6.702287766112886e-120
SOL,imbalance_d10,500,873,0.3556242915896966,2.014799945451574e-27,0.3810440741236422,1.5001803280396133e-31,0.6770538243626062,2.5700310593898513e-11,0.00008921023940463748,1.4949572704737195e-22,0.12646863676867348,0.0000877486617296173,6.373724478702697e-22,0.1290232723116309,0.71649986088244,-8.44282301415178,0.0,170,1.1386006014822098e-144
SOL,imbalance_d20,500,873,0.34464148613078066,9.452300483904396e-26,0.35422745256952604,3.314954434771026e-27,0.623229461756374,4.238024014038145e-6,0.000128152310799541,4.450216535774542e-20,0.11877775396243284,0.00012735068633479236,1.4731487621239908e-19,0.12119022593927797,0.5364790495270273,-8.728352551291474,0.0,289,1.1672080623383606e-252
SOL,ofi,500,873,0.26475789328607635,1.8081714075792396e-15,0.25654736079500845,1.3773788377095997e-14,0.6487252124645893,2.4701239392217194e-8,1.964312191625873e-8,1.9138083627576684e-17,0.07009674205728167,1.910959218173076e-8,8.788398169665982e-16,0.07211166481983189,1799.3300000000002,-8.710305418514853,0.0,180,5.5951958333579057e-160
SOL,tob_imbalance,1000,873,0.3285053864203587,2.0558587240142218e-23,0.3832487257093665,6.316596649676344e-32,0.7252124645892352,1.1379732118119032e-17,0.00005404889582081488,1.6197081146521933e-22,0.10791578890718911,0.00005353832813613276,1.6637870931318435e-21,0.11290589344538182,0.9780988861720818,-8.463326023021049,0.0,153,1.6415505312659897e-134
SOL,imbalance_d5,1000,873,0.35068307574845503,1.1597038239748799e-26,0.38627184692307015,1.9083983721534263e-32,0.7195467422096318,7.788939694056979e-17,0.00007170696125598754,9.207039934094683e-24,0.12297861961639656,0.00007079479981778856,3.971916754584494e-23,0.12692467576368327,0.8364310384759855,-8.355525958155466,0.0,143,6.702287766112886e-120
SOL,imbalance_d10,1000,873,0.3556242915896966,2.014799945451574e-27,0.3810440741236422,1.5001803280396133e-31,0.6770538243626062,2.5700310593898513e-11,0.00008921023940463748,1.4949572704737195e-22,0.12646863676867348,0.0000877486617296173,6.373724478702697e-22,0.1290232723116309,0.71649986088244,-8.44282301415178,0.0,170,1.1386006014822098e-144
SOL,imbalance_d20,1000,873,0.34464148613078066,9.452300483904396e-26,0.35422745256952604,3.314954434771026e-27,0.623229461756374,4.238024014038145e-6,0.000128152310799541,4.450216535774542e-20,0.11877775396243284,0.00012735068633479236,1.4731487621239908e-19,0.12119022593927797,0.5364790495270273,-8.728352551291474,0.0,289,1.1672080623383606e-252
SOL,ofi,1000,873,0.26475789328607635,1.8081714075792396e-15,0.25654736079500845,1.3773788377095997e-14,0.6487252124645893,2.4701239392217194e-8,1.964312191625873e-8,1.9138083627576684e-17,0.07009674205728167,1.910959218173076e-8,8.788398169665982e-16,0.07211166481983189,1799.3300000000002,-8.710305418514853,0.0,180,5.5951958333579057e-160
SOL,tob_imbalance,5000,873,0.3285053864203587,2.0558587240142218e-23,0.3832487257093665,6.316596649676344e-32,0.7252124645892352,1.1379732118119032e-17,0.00005404889582081488,1.6197081146521933e-22,0.10791578890718911,0.00005353832813613276,1.6637870931318435e-21,0.11290589344538182,0.9780988861720818,-8.463326023021049,0.0,153,1.6415505312659897e-134
SOL,imbalance_d5,5000,873,0.35068307574845503,1.1597038239748799e-26,0.38627184692307015,1.9083983721534263e-32,0.7195467422096318,7.788939694056979e-17,0.00007170696125598754,9.207039934094683e-24,0.12297861961639656,0.00007079479981778856,3.971916754584494e-23,0.12692467576368327,0.8364310384759855,-8.355525958155466,0.0,143,6.702287766112886e-120
SOL,imbalance_d10,5000,873,0.3556242915896966,2.014799945451574e-27,0.3810440741236422,1.5001803280396133e-31,0.6770538243626062,2.5700310593898513e-11,0.00008921023940463748,1.4949572704737195e-22,0.12646863676867348,0.0000877486617296173,6.373724478702697e-22,0.1290232723116309,0.71649986088244,-8.44282301415178,0.0,170,1.1386006014822098e-144
SOL,imbalance_d20,5000,873,0.34464148613078066,9.452300483904396e-26,0.35422745256952604,3.314954434771026e-27,0.623229461756374,4.238024014038145e-6,0.000128152310799541,4.450216535774542e-20,0.11877775396243284,0.00012735068633479236,1.4731487621239908e-19,0.12119022593927797,0.5364790495270273,-8.728352551291474,0.0,289,1.1672080623383606e-252
SOL,ofi,5000,873,0.26475789328607635,1.8081714075792396e-15,0.25654736079500845,1.3773788377095997e-14,0.6487252124645893,2.4701239392217194e-8,1.964312191625873e-8,1.9138083627576684e-17,0.07009674205728167,1.910959218173076e-8,8.788398169665982e-16,0.07211166481983189,1799.3300000000002,-8.710305418514853,0.0,180,5.5951958333579057e-160
SOL,tob_imbalance,10000,872,0.27418831243723024,1.6715784156250615e-16,0.33316782291972175,4.759788333728982e-24,0.6725490196078432,4.985591362401082e-15,0.00006870375357168512,5.104124881566881e-15,0.07517923067717613,0.00006856941907779703,1.7812076212581347e-14,0.07942835353664679,0.9780988861720818,-8.252798949629717,0.0,153,1.357307030940643e-113
SOL,imbalance_d5,10000,872,0.3049368003656404,3.199690963474493e-20,0.34150012510776523,2.94212335963291e-25,0.6725490196078432,4.985591362401082e-15,0.00009491384975374002,1.1341448054284912e-17,0.09298645221723423,0.0000943220600662166,2.5648931829279514e-17,0.09631520645327396,0.8364310384759855,-8.183582601719905,0.0,143,1.6950073057310063e-102
SOL,imbalance_d10,10000,872,0.31374130917751925,2.264859985542106e-21,0.3405638581970403,4.0397104614042295e-25,0.6392156862745098,3.311481060386767e-10,0.00011976833417634013,1.034273300902876e-16,0.09843360908442367,0.00011843051264927613,2.682576712210366e-16,0.10038510546210733,0.71649986088244,-8.203981182408763,0.0,170,6.652451048198149e-124
SOL,imbalance_d20,10000,872,0.3107150970028853,5.684939635282259e-21,0.33105632015458014,9.508274975197742e-24,0.5843137254901961,0.00016191629550984412,0.00017574712653159886,2.2730220892603715e-14,0.09654387150551236,0.000175694382275604,7.968414149436629e-14,0.09820113521954521,0.5364790495270273,-8.483250874134882,0.0,289,1.9037665894908638e-202
SOL,ofi,10000,872,0.1708138978988382,3.8918089321966577e-7,0.1930452188845079,9.110045887790485e-9,0.5941176470588235,0.000024615844032779493,1.9277867715034972e-8,1.7522300353032823e-8,0.029177387715394687,1.8837170527618113e-8,1.3435282199360466e-7,0.03219552048861607,1799.3300000000002,-8.708907888901535,0.0,180,1.594639890134525e-123
